{"cameraMode":{"drawMode":0,"name":"Shaded","section":"Shading Mode"},"sceneLighting":true,"audioPlay":false,"sceneViewState":{"m_AlwaysRefresh":false,"showFog":true,"showSkybox":true,"showFlares":true,"showImageEffects":true,"showParticleSystems":true,"showVisualEffectGraphs":true,"m_FxEnabled":true},"in2DMode":false,"pivot":{"x":482.8983154296875,"y":239.7479248046875,"z":-16.67376708984375},"rotation":{"x":-0.3427251875400543,"y":0.0005635263514705002,"z":-0.0002017093647737056,"w":-0.9394528269767761},"size":309.0553894042969,"orthographic":false}